{"cameraMode":{"drawMode":0,"name":"Shaded","section":"Shading Mode"},"sceneLighting":false,"audioPlay":false,"sceneViewState":{"m_AlwaysRefresh":false,"showFog":true,"showSkybox":false,"showFlares":true,"showImageEffects":true,"showParticleSystems":true,"showVisualEffectGraphs":true,"m_FxEnabled":true},"in2DMode":false,"pivot":{"x":-0.0024366378784179689,"y":0.15999987721443177,"z":-0.007231354713439941},"rotation":{"x":-0.08861128985881806,"y":-0.04272085428237915,"z":0.0038043984677642586,"w":-0.9951449632644653},"size":1.9196773767471314,"orthographic":false}